{"cameraMode":{"drawMode":0,"name":"Shaded","section":"Shading Mode"},"sceneLighting":false,"audioPlay":false,"sceneViewState":{"m_AlwaysRefresh":false,"showFog":true,"showSkybox":false,"showFlares":true,"showImageEffects":true,"showParticleSystems":true,"showVisualEffectGraphs":true,"m_FxEnabled":true},"in2DMode":false,"pivot":{"x":1.1920928955078126e-7,"y":-1.1920928955078126e-7,"z":10.008275032043457},"rotation":{"x":0.3179577887058258,"y":-0.2528844475746155,"z":0.08838418126106262,"w":0.9094987511634827},"size":1.5691840648651124,"orthographic":false}