{"cameraMode":{"drawMode":0,"name":"Shaded","section":"Shading Mode"},"sceneLighting":false,"audioPlay":false,"sceneViewState":{"m_AlwaysRefresh":false,"showFog":true,"showSkybox":false,"showFlares":true,"showImageEffects":true,"showParticleSystems":true,"showVisualEffectGraphs":true,"m_FxEnabled":true},"in2DMode":false,"pivot":{"x":3.2126400470733644,"y":24.38081932067871,"z":-30.959863662719728},"rotation":{"x":-0.32541754841804507,"y":0.04309428855776787,"z":-0.014849129132926464,"w":-0.9444771409034729},"size":0.7696914076805115,"orthographic":false}